{
  "province" : {
 
      "AL":{
      "N_SCUOLE" : 316,
      "N_STUDENTI" : 40503,
      "caratteristiche":{
      "1_sito attivo" : 0.7373417721518988,
      "1_raccolta feedback, giudizi, suggerimenti" : 0.07911392405063292,
      "1_possibilità pubblicazione User Generated Content" : 0.28164556962025317,
      "1_forum, chat, blog, fotoblog" : 0.056962025316455694
       },
       "informazioni":{      
"2_recapiti scuola" : 0.7215189873417721,
      "2_PEC" : 0.2088607594936709,
      "2_Organigramma" : 0.22151898734177214,
      "2_Organizzazione" : 0.10759493670886076,
      "2_Orari apertura al pubblico" : 0.6044303797468354,
      "2_Orari docenti" : 0.12658227848101267,
      "2_POF" : 0.439873417721519,
      "2_Elenco docenti" : 0.189873417721519,
      "2_Libri di testo" : 0.2088607594936709,
      "2_N. attività extra curr." : 0.10443037974683544,
      "2_Laboratori" : 0.0981012658227848
      },
      "servizi":{
"3_Iscrizione" : 0.25949367088607594,
      "3_Mensa" : 0.12025316455696203,
      "3_Biblioteca" : 0.04430379746835443,
      "3_Registro on-line" : 0.04113924050632911
}
}    
,
 
      "AT":{
      "N_SCUOLE" : 160,
      "N_STUDENTI" : 19713,
      "caratteristiche":{
      "1_sito attivo" : 0.75,
      "1_raccolta feedback, giudizi, suggerimenti" : 0.13125,
      "1_possibilità pubblicazione User Generated Content" : 0.04375,
      "1_forum, chat, blog, fotoblog" : 0.09375
       },
       "informazioni":{      
"2_recapiti scuola" : 0.7375,
      "2_PEC" : 0.11875,
      "2_Organigramma" : 0.1875,
      "2_Organizzazione" : 0.125,
      "2_Orari apertura al pubblico" : 0.50625,
      "2_Orari docenti" : 0.13125,
      "2_POF" : 0.56875,
      "2_Elenco docenti" : 0.21875,
      "2_Libri di testo" : 0.2125,
      "2_N. attività extra curr." : 0.06875,
      "2_Laboratori" : 0.35625
      },
      "servizi":{
"3_Iscrizione" : 0.375,
      "3_Mensa" : 0.1125,
      "3_Biblioteca" : 0.06875,
      "3_Registro on-line" : 0.01875
}
}    
,
 
      "BI":{
      "N_SCUOLE" : 181,
      "N_STUDENTI" : 23273,
      "caratteristiche":{
      "1_sito attivo" : 0.7955801104972375,
      "1_raccolta feedback, giudizi, suggerimenti" : 0.11602209944751381,
      "1_possibilità pubblicazione User Generated Content" : 0.03867403314917127,
      "1_forum, chat, blog, fotoblog" : 0.08287292817679558
       },
       "informazioni":{      
"2_recapiti scuola" : 0.6519337016574586,
      "2_PEC" : 0.10497237569060773,
      "2_Organigramma" : 0.16574585635359115,
      "2_Organizzazione" : 0.11049723756906077,
      "2_Orari apertura al pubblico" : 0.44751381215469616,
      "2_Orari docenti" : 0.11602209944751381,
      "2_POF" : 0.5027624309392266,
      "2_Elenco docenti" : 0.19337016574585636,
      "2_Libri di testo" : 0.1878453038674033,
      "2_N. attività extra curr." : 0.06077348066298342,
      "2_Laboratori" : 0.3149171270718232
      },
      "servizi":{
"3_Iscrizione" : 0.3314917127071823,
      "3_Mensa" : 0.09944751381215469,
      "3_Biblioteca" : 0.06077348066298342,
      "3_Registro on-line" : 0.016574585635359115
}
}    
,
 
      "CN":{
      "N_SCUOLE" : 554,
      "N_STUDENTI" : 67622,
      "caratteristiche":{
      "1_sito attivo" : 0.7454873646209387,
      "1_raccolta feedback, giudizi, suggerimenti" : 0.05776173285198556,
      "1_possibilità pubblicazione User Generated Content" : 0.2111913357400722,
      "1_forum, chat, blog, fotoblog" : 0.06498194945848375
       },
       "informazioni":{      
"2_recapiti scuola" : 0.6750902527075813,
      "2_PEC" : 0.18050541516245489,
      "2_Organigramma" : 0.17509025270758122,
      "2_Organizzazione" : 0.11913357400722022,
      "2_Orari apertura al pubblico" : 0.6083032490974729,
      "2_Orari docenti" : 0.20216606498194944,
      "2_POF" : 0.5902527075812274,
      "2_Elenco docenti" : 0.23465703971119134,
      "2_Libri di testo" : 0.2779783393501805,
      "2_N. attività extra curr." : 0.1931407942238267,
      "2_Laboratori" : 0.26353790613718414
      },
      "servizi":{
"3_Iscrizione" : 0.4314079422382672,
      "3_Mensa" : 0.18050541516245489,
      "3_Biblioteca" : 0.08303249097472924,
      "3_Registro on-line" : 0.021660649819494584
}
}    
,
 
      "NO":{
      "N_SCUOLE" : 247,
      "N_STUDENTI" : 37900,
      "caratteristiche":{
      "1_sito attivo" : 0.708502024291498,
      "1_raccolta feedback, giudizi, suggerimenti" : 0.08906882591093117,
      "1_possibilità pubblicazione User Generated Content" : 0.22672064777327935,
      "1_forum, chat, blog, fotoblog" : 0.11740890688259109
       },
       "informazioni":{      
"2_recapiti scuola" : 0.6477732793522267,
      "2_PEC" : 0.27530364372469635,
      "2_Organigramma" : 0.08097165991902834,
      "2_Organizzazione" : 0.15384615384615385,
      "2_Orari apertura al pubblico" : 0.582995951417004,
      "2_Orari docenti" : 0.24696356275303644,
      "2_POF" : 0.5020242914979757,
      "2_Elenco docenti" : 0.13360323886639677,
      "2_Libri di testo" : 0.1902834008097166,
      "2_N. attività extra curr." : 0.10121457489878542,
      "2_Laboratori" : 0.10121457489878542
      },
      "servizi":{
"3_Iscrizione" : 0.2874493927125506,
      "3_Mensa" : 0.06072874493927125,
      "3_Biblioteca" : 0.05263157894736842,
      "3_Registro on-line" : 0.04048582995951417
}
}    
,
 
      "TO":{
      "N_SCUOLE" : 1320,
      "N_STUDENTI" : 229286,
      "caratteristiche":{
      "1_sito attivo" : 0.8318181818181818,
      "1_raccolta feedback, giudizi, suggerimenti" : 0.10757575757575757,
      "1_possibilità pubblicazione User Generated Content" : 0.328030303030303,
      "1_forum, chat, blog, fotoblog" : 0.06742424242424243
       },
       "informazioni":{      
"2_recapiti scuola" : 0.8196969696969697,
      "2_PEC" : 0.29318181818181815,
      "2_Organigramma" : 0.2833333333333333,
      "2_Organizzazione" : 0.1590909090909091,
      "2_Orari apertura al pubblico" : 0.7121212121212122,
      "2_Orari docenti" : 0.1946969696969697,
      "2_POF" : 0.6901515151515152,
      "2_Elenco docenti" : 0.24545454545454545,
      "2_Libri di testo" : 0.25303030303030305,
      "2_N. attività extra curr." : 0.2606060606060606,
      "2_Laboratori" : 0.2128787878787879
      },
      "servizi":{
"3_Iscrizione" : 0.5174242424242425,
      "3_Mensa" : 0.20606060606060606,
      "3_Biblioteca" : 0.15378787878787878,
      "3_Registro on-line" : 0.04318181818181818
}
}    
,
 
      "VC":{
      "N_SCUOLE" : 150,
      "N_STUDENTI" : 18347,
      "caratteristiche":{
      "1_sito attivo" : 0.84,
      "1_raccolta feedback, giudizi, suggerimenti" : 0.013333333333333334,
      "1_possibilità pubblicazione User Generated Content" : 0.37333333333333335,
      "1_forum, chat, blog, fotoblog" : 0
       },
       "informazioni":{      
"2_recapiti scuola" : 0.8066666666666666,
      "2_PEC" : 0.22666666666666666,
      "2_Organigramma" : 0.2733333333333333,
      "2_Organizzazione" : 0.2733333333333333,
      "2_Orari apertura al pubblico" : 0.4666666666666667,
      "2_Orari docenti" : 0.23333333333333334,
      "2_POF" : 0.62,
      "2_Elenco docenti" : 0.36,
      "2_Libri di testo" : 0.26,
      "2_N. attività extra curr." : 0.28,
      "2_Laboratori" : 0.29333333333333333
      },
      "servizi":{
"3_Iscrizione" : 0.3933333333333333,
      "3_Mensa" : 0.16,
      "3_Biblioteca" : 0.05333333333333334,
      "3_Registro on-line" : 0.05333333333333334
}
}    
,
 
      "VCO":{
      "N_SCUOLE" : 165,
      "N_STUDENTI" : 21583,
      "caratteristiche":{
      "1_sito attivo" : 0.7818181818181819,
      "1_raccolta feedback, giudizi, suggerimenti" : 0.07878787878787878,
      "1_possibilità pubblicazione User Generated Content" : 0.40606060606060607,
      "1_forum, chat, blog, fotoblog" : 0.10303030303030303
       },
       "informazioni":{      
"2_recapiti scuola" : 0.7333333333333333,
      "2_PEC" : 0.3515151515151515,
      "2_Organigramma" : 0.44242424242424244,
      "2_Organizzazione" : 0.09696969696969697,